{
  "name": "root",
  "gauges": [
    {
      "name": "RollerBallBrain.mean_reward",
      "value": -0.4101123595505618,
      "min": -0.4101123595505618,
      "max": -0.4101123595505618,
      "count": 1
    }
  ],
  "total": 330.6695343,
  "count": 1,
  "self": 16.200416900004825,
  "children": [
    {
      "name": "TrainerController.advance",
      "total": 314.4691173999952,
      "count": 18045,
      "self": 0.31936129999644436,
      "children": [
        {
          "name": "env_step",
          "total": 298.6109841000008,
          "count": 18045,
          "self": 279.69412270000174,
          "children": [
            {
              "name": "SubprocessEnvManager._take_step",
              "total": 18.568213600001094,
              "count": 18045,
              "self": 0.6360828000017733,
              "children": [
                {
                  "name": "PPOPolicy.evaluate",
                  "total": 17.93213079999932,
                  "count": 18045,
                  "self": 17.93213079999932
                }
              ]
            },
            {
              "name": "workers",
              "total": 0.3486477999979698,
              "count": 18044,
              "self": 0.0,
              "children": [
                {
                  "name": "worker_root",
                  "total": 329.1099083000025,
                  "count": 18044,
                  "is_parallel": true,
                  "self": 68.79494720000247,
                  "children": [
                    {
                      "name": "batched_step_result_from_proto",
                      "total": 0.03954449999999987,
                      "count": 1,
                      "is_parallel": true,
                      "self": 9.92999999986921e-05,
                      "children": [
                        {
                          "name": "_process_visual_observation",
                          "total": 0.03933360000000086,
                          "count": 1,
                          "is_parallel": true,
                          "self": 4.4700000001896e-05,
                          "children": [
                            {
                              "name": "observation_to_np_array",
                              "total": 0.03928889999999896,
                              "count": 1,
                              "is_parallel": true,
                              "self": 2.8699999999659553e-05,
                              "children": [
                                {
                                  "name": "process_pixels",
                                  "total": 0.0392601999999993,
                                  "count": 1,
                                  "is_parallel": true,
                                  "self": 0.00029409999999963077,
                                  "children": [
                                    {
                                      "name": "image_decompress",
                                      "total": 0.03896609999999967,
                                      "count": 1,
                                      "is_parallel": true,
                                      "self": 0.03896609999999967
                                    }
                                  ]
                                }
                              ]
                            }
                          ]
                        },
                        {
                          "name": "_process_vector_observation",
                          "total": 0.00011160000000032255,
                          "count": 1,
                          "is_parallel": true,
                          "self": 0.00011160000000032255
                        }
                      ]
                    },
                    {
                      "name": "UnityEnvironment.step",
                      "total": 260.2754166,
                      "count": 18044,
                      "is_parallel": true,
                      "self": 1.6338175999974283,
                      "children": [
                        {
                          "name": "UnityEnvironment._generate_step_input",
                          "total": 1.1073268000026424,
                          "count": 18044,
                          "is_parallel": true,
                          "self": 1.1073268000026424
                        },
                        {
                          "name": "communicator.exchange",
                          "total": 247.94039889999976,
                          "count": 18044,
                          "is_parallel": true,
                          "self": 247.94039889999976
                        },
                        {
                          "name": "batched_step_result_from_proto",
                          "total": 9.593873300000157,
                          "count": 18044,
                          "is_parallel": true,
                          "self": 1.2864811000010032,
                          "children": [
                            {
                              "name": "_process_visual_observation",
                              "total": 7.20163490000097,
                              "count": 18044,
                              "is_parallel": true,
                              "self": 0.42726170000286245,
                              "children": [
                                {
                                  "name": "observation_to_np_array",
                                  "total": 6.774373199998108,
                                  "count": 18101,
                                  "is_parallel": true,
                                  "self": 0.4260321999974561,
                                  "children": [
                                    {
                                      "name": "process_pixels",
                                      "total": 6.3483410000006515,
                                      "count": 18101,
                                      "is_parallel": true,
                                      "self": 2.74173300000016,
                                      "children": [
                                        {
                                          "name": "image_decompress",
                                          "total": 3.6066080000004916,
                                          "count": 18101,
                                          "is_parallel": true,
                                          "self": 3.6066080000004916
                                        }
                                      ]
                                    }
                                  ]
                                }
                              ]
                            },
                            {
                              "name": "_process_vector_observation",
                              "total": 1.1057572999981833,
                              "count": 18044,
                              "is_parallel": true,
                              "self": 1.1057572999981833
                            }
                          ]
                        }
                      ]
                    }
                  ]
                }
              ]
            }
          ]
        },
        {
          "name": "trainer_advance",
          "total": 15.53877199999794,
          "count": 18044,
          "self": 0.5231614999965402,
          "children": [
            {
              "name": "process_trajectory",
              "total": 2.443642800001138,
              "count": 18044,
              "self": 2.443642800001138
            },
            {
              "name": "_update_policy",
              "total": 12.571967700000261,
              "count": 117,
              "self": 1.6471841999999164,
              "children": [
                {
                  "name": "PPOPolicy.update",