Steps,Policy/Entropy,Policy/Learning Rate,Policy/Extrinsic Value Estimate,Environment/Cumulative Reward,Environment/Episode Length,Policy/Extrinsic Reward,Losses/Value Loss,Losses/Policy Loss
5000,1.4149526,0.0002985148,-0.84408194,-1.696666644959181,96.09803921568627,-1.6939998996257781,0.029496523,0.17499265
10000,1.4186258,0.00029550566,-0.85064375,-1.3755555379367064,78.03174603174604,-1.3730157755670094,0.038172625,0.18268777
15000,1.419318,0.0002924955,-0.3053156,-0.24889998907223343,48.75,-0.2752999496459961,0.11326528,0.19565651
20000,1.4150056,0.0002895025,0.39767957,0.26302159052315377,34.84172661870504,0.263309394284118,0.10580376,0.19310176
