{"count":1,"gauges":{"RollerBallBrain.CumulativeReward":{"count":45,"max":0.99,"min":-0.259999156,"value":0.0700006,"weightedAverage":0.37326318}},"self":187.2175232,"total":227.12076109999998,"children":{"AgentSendState":{"count":11263,"self":0.27390739999999997,"total":0.2828823,"children":{"CollectObservations":{"count":2253,"self":0.0089749,"total":0.0089749,"children":null}}},"DecideAction":{"count":11263,"self":5.9665392,"total":39.3713431,"children":{"CameraSensor.WriteToTensor":{"count":2253,"self":33.404803199999996,"total":33.404803699999995,"children":null}}},"AgentAct":{"count":11263,"self":0.24801669999999998,"total":0.24801669999999998,"children":null}}}