{"count":1,"gauges":{"RollerBallBrain.CumulativeReward":{"count":713,"max":0.99,"min":-48.73766,"value":0.390000284,"weightedAverage":0.528602362}},"self":201.37625599999998,"total":762.7923283,"children":{"AgentSendState":{"count":395734,"self":5.7453936,"total":195.7048255,"children":{"CollectObservations":{"count":79147,"self":0.35749129999999996,"total":0.35749129999999996,"children":null},"AgentInfo.ToProto":{"count":79147,"self":1.2121328,"total":189.6019404,"children":{"GenerateSensorData":{"count":79147,"self":2.19799,"total":188.38980759999998,"children":{"CameraSensor.GetCompressedObservation":{"count":79147,"self":186.1918208,"total":186.19181749999998,"children":null}}}}}}},"DecideAction":{"count":395734,"self":359.2418048,"total":359.2418164,"children":null},"AgentAct":{"count":395734,"self":4.7498036,"total":6.4683325,"children":{"AgentInfo.ToProto":{"count":713,"self":0.014339399999999999,"total":1.7185287999999999,"children":{"GenerateSensorData":{"count":713,"self":0.017452699999999998,"total":1.7041894,"children":{"CameraSensor.GetCompressedObservation":{"count":713,"self":1.6867367999999998,"total":1.6867367,"children":null}}}}}}}}}