{"count":1,"gauges":{"RollerBallBrain.CumulativeReward":{"count":2840,"max":1,"min":-1,"value":1,"weightedAverage":-0.3106622}},"self":486.71764479999996,"total":1263.1043058999999,"children":{"AgentSendState":{"count":991117,"self":12.826319999999999,"total":235.3873016,"children":{"CollectObservations":{"count":99112,"self":0.66283819999999993,"total":0.66283819999999993,"children":null},"AgentInfo.ToProto":{"count":99112,"self":1.6993308,"total":221.8981437,"children":{"GenerateSensorData":{"count":99112,"self":3.6972188,"total":220.198813,"children":{"CameraSensor.GetCompressedObservation":{"count":99112,"self":216.50160639999999,"total":216.5015942,"children":null}}}}}}},"DecideAction":{"count":991117,"self":522.9404672,"total":522.9404502,"children":null},"AgentAct":{"count":991117,"self":11.3838104,"total":18.0579319,"children":{"AgentInfo.ToProto":{"count":2840,"self":0.0403532,"total":6.6741215,"children":{"GenerateSensorData":{"count":2840,"self":0.11703129999999999,"total":6.6337683,"children":{"CameraSensor.GetCompressedObservation":{"count":2840,"self":6.5167367999999994,"total":6.516737,"children":null}}}}}}}}}