{"count":1,"gauges":{"RollerBallBrain.CumulativeReward":{"count":956,"max":1,"min":0,"value":1,"weightedAverage":0.9999999}},"self":65.8946624,"total":132.3986702,"children":{"AgentSendState":{"count":122801,"self":1.5636580999999998,"total":2.1216763,"children":{"CollectObservations":{"count":12281,"self":0.1067481,"total":0.1067481,"children":null},"AgentInfo.ToProto":{"count":12281,"self":0.19265569999999999,"total":0.4512701,"children":{"GenerateSensorData":{"count":12281,"self":0.25861439999999997,"total":0.25861439999999997,"children":null}}}}},"DecideAction":{"count":122801,"self":63.178656,"total":63.178653,"children":null},"AgentAct":{"count":122801,"self":1.1707693,"total":1.2026814,"children":{"AgentInfo.ToProto":{"count":956,"self":0.018978,"total":0.0319121,"children":{"GenerateSensorData":{"count":956,"self":0.012934099999999999,"total":0.012934099999999999,"children":null}}}}}}}