{"count":1,"gauges":{"RollerBallBrain.CumulativeReward":{"count":2,"max":0.500000238,"min":-0.0199993756,"value":0.500000238,"weightedAverage":0.110000528}},"self":18.094832,"total":18.1405138,"children":{"AgentSendState":{"count":900,"self":0.0209607,"total":0.0229599,"children":{"CollectObservations":{"count":180,"self":0.0019992,"total":0.0019992,"children":null}}},"DecideAction":{"count":900,"self":0.0011064999999999998,"total":0.0011064999999999998,"children":null},"AgentAct":{"count":900,"self":0.0206161,"total":0.0206161,"children":null}}}